Имя пассажира,Дата рейса,Номер рейса,Номер места
Никонов Ираклий Денисович,2024-02-07,UO 5598,8B
Осипов Авдей Валентинович,2024-01-22,FO 7695,13D
Суханов Феофан Яковлевич,2024-01-25,OC 5586,9D
Воробьев Аникей Харламович,2023-06-15,AF 3962,16B
Гуляев Иннокентий Иосифович,2023-08-30,LH 2988,4D
Зуев Лукьян Алексеевич,2024-01-29,SG 6612,5A
Комаров Владислав Зиновьевич,2023-06-12,TR 4131,7C
Горшков Станимир Устинович,2023-07-21,PJ 9636,18D
Уваров Юлий Демьянович,2023-09-29,PQ 1341,1C
Гордеев Максимильян Ефимович,2023-08-11,CX 8389,3C
Агафонов Ерофей Игоревич,2024-02-28,QG 7434,5D
Князев Порфирий Ануфриевич,2024-03-28,IV 4909,10A
Кондратьев Гаврила Гертрудович,2024-01-05,UX 2726,16B
Беляков Филарет Тимурович,2023-12-18,XO 3680,14A
Герасимов Евграф Филиппович,2023-04-28,VY 2898,14A
Кабанов Мир Игнатович,2023-09-30,YA 7440,18A
Абрамов Кир Якубович,2023-11-01,XI 7033,18C
Власов Эрнст Богданович,2023-11-19,LS 9101,5A
Николаев Автоном Дмитриевич,2023-12-01,MY 1266,8A
Филиппов Натан Даниилович,2023-05-26,UZ 1588,6A
Исаев Максимильян Фадеевич,2023-12-29,RG 7581,11A
Дорофеев Панфил Арсеньевич,2023-11-11,HQ 4174,6D
Родионов Марк Адамович,2024-01-23,QZ 3105,6B
Зайцев Януарий Тарасович,2024-02-22,YX 9666,13D
Мясников Стоян Борисович,2023-05-16,GU 2919,18D
Фадеев Андрон Борисович,2023-11-21,AC 301,7D
Дорофеев Святополк Фёдорович,2023-10-03,ID 8783,16A
Устинов Владислав Игнатович,2024-01-23,IS 1576,3D
Щербаков Амвросий Иосипович,2024-04-02,PB 3479,4D
Ларионов Анисим Евстигнеевич,2023-07-15,HZ 7618,14B
Селиверстов Севастьян Эдуардович,2023-11-13,YH 7858,9B
Федоров Петр Феодосьевич,2023-07-30,YI 8513,6A
Фокин Никанор Евсеевич,2024-01-08,ID 5478,1C
Брагин Лев Еремеевич,2023-09-08,NU 6788,7A
Попов Савелий Фролович,2023-07-25,JJ 1940,18C
Гордеев Ратибор Арсеньевич,2023-11-28,LQ 816,10D
Ефимов Никифор Юльевич,2024-02-11,LU 7208,10D
Мишин Тимур Федосеевич,2023-09-16,BC 4412,17A
Назаров Владилен Валерьевич,2023-04-22,IC 1440,17B
Титов Мечислав Аксёнович,2024-01-04,XO 2258,1B
Жданов Ладислав Яковлевич,2024-03-28,ZM 5236,9B
Степанов Ростислав Гертрудович,2023-09-07,QX 5648,8A
Поляков Назар Елизарович,2023-04-20,BG 4180,18D
Зайцев Кондратий Якубович,2024-02-03,DU 8503,19D
Белоусов Никита Валерьевич,2023-12-23,VZ 8139,9D
Комиссаров Сократ Аверьянович,2023-11-09,RC 8895,4C
Крюков Вацлав Харлампович,2023-08-16,XO 4525,9C
Рябов Творимир Даниилович,2023-05-12,CH 3980,3B
Устинов Эраст Венедиктович,2023-10-10,ER 7925,2A
Анисимов Эрнест Ильясович,2023-11-08,HS 4157,11C
Яковлев Корнил Елизарович,2023-05-08,QW 5248,15D
Исаев Ладислав Жоресович,2023-09-04,BJ 147,2D
Кудрявцев Рубен Измаилович,2023-10-23,XY 1436,16D
Большаков Савелий Александрович,2023-08-02,OY 8687,10A
Казаков Ярослав Валерьянович,2024-01-11,PL 9936,2B
Дьячков Викторин Глебович,2023-05-13,ER 3875,5C
Колобов Иван Марсович,2023-11-17,NB 2461,1B
Кириллов Гурий Измаилович,2023-09-07,QT 9144,13B
Коновалов Гедеон Фадеевич,2024-03-14,AE 1011,2D
Никитин Милий Авдеевич,2023-09-04,MM 1579,14A
Пестов Варлаам Федотович,2024-03-20,FF 9878,7C
Котов Ананий Фадеевич,2023-04-19,FT 3114,18C
Кулагин Ипатий Данилович,2023-05-08,NE 6094,12C
Никитин Аркадий Ефремович,2023-05-04,NV 3251,4B
Лукин Фадей Валерьевич,2023-12-20,DV 9051,17B
Крюков Денис Гаврилович,2024-03-15,SZ 6184,19C
Моисеев Владлен Иосифович,2023-08-22,CH 9763,7C
Колесников Афанасий Владиславович,2023-11-20,PG 1693,13D
Самсонов Амос Димитриевич,2023-05-17,BI 8522,6A
Быков Никодим Георгиевич,2023-11-04,YV 7857,10C
Орехов Януарий Валентинович,2023-07-07,MG 5589,2B
Родионов Мир Ефстафьевич,2024-01-29,MK 2473,4D
Бобров Любосмысл Владиславович,2023-10-18,TZ 7394,6B
Кондратьев Андроник Гордеевич,2024-04-03,DK 4918,3A
Щербаков Измаил Филиппович,2023-07-29,KC 1314,10D
Тимофеев Артемий Феликсович,2023-08-11,MD 5887,2C
Борисов Климент Абрамович,2024-03-24,NR 9549,19D
Самойлов Данила Ефстафьевич,2023-06-25,DV 5695,18D
Дементьев Еремей Гавриилович,2023-08-01,ET 5280,20D
Зимин Всеслав Григорьевич,2023-05-05,TJ 9064,5D
Русаков Елизар Дорофеевич,2023-11-19,GS 3562,11D
Блохин Селиван Ефстафьевич,2023-06-13,VD 9790,5A
Новиков Ростислав Ааронович,2023-09-07,BA 6355,16C
Архипов Гордей Филиппович,2023-07-05,ED 3333,10B
Громов Фома Артемьевич,2023-05-28,TA 4079,2D
Одинцов Прохор Анатольевич,2023-07-19,WP 2243,4D
Богданов Гаврила Тихонович,2023-04-19,DZ 6894,10A
Жуков Кондратий Филатович,2023-10-29,ME 5582,11D
Белоусов Владилен Витальевич,2024-04-06,YJ 3452,5C
Лыткин Олег Артурович,2023-07-14,ZA 9577,11C
Щербаков Болеслав Бориславович,2023-12-21,ED 7735,17B
Лукин Валерий Юлианович,2023-11-12,HL 8560,7C
Ширяев Владилен Игнатьевич,2023-07-04,RW 1201,8A
Филатов Лонгин Виленович,2023-07-07,CN 4031,16B
Медведев Изот Иларионович,2023-11-16,TC 7780,14C
Никифоров Фока Ермолаевич,2024-02-15,JS 1213,11A
Орлов Валерий Ерофеевич,2023-09-01,US 446,7A
Родионов Феоктист Аксёнович,2023-08-24,LQ 2063,6B
Гущин Феликс Давыдович,2023-08-05,FJ 2020,7C
Федотов Алексей Дмитриевич,2024-02-03,ZX 228,15B
Константинов Панфил Ермилович,2023-07-14,SR 3163,3B
Суханов Валерий Антонович,2023-11-09,UK 5073,13B
Сазонов Афанасий Терентьевич,2023-06-16,DJ 698,6D
Суворов Авксентий Вячеславович,2023-11-19,AQ 8876,1C
Соколов Натан Аксёнович,2023-09-13,CT 1898,9A
Исаев Аристарх Филимонович,2023-05-17,BB 2051,18D
Мартынов Богдан Иларионович,2023-06-17,TM 7704,15A
Кабанов Ростислав Иосипович,2024-02-24,CG 9886,1D
Беляев Селиван Еремеевич,2023-11-28,OG 7090,3B
Стрелков Сидор Исидорович,2023-11-12,JH 7112,5A
Уваров Владлен Феодосьевич,2023-07-14,AF 9907,8A
Буров Ростислав Феодосьевич,2023-04-30,ON 860,2C
Воронов Арсений Гурьевич,2024-03-23,FQ 6601,7C
Большаков Евгений Филиппович,2023-10-30,UV 6714,3B
Королев Изяслав Иосипович,2023-09-22,RJ 5389,5C
Давыдов Филимон Владленович,2023-09-07,AJ 415,2B
Юдин Моисей Анисимович,2023-05-07,TQ 8119,17A
Меркушев Митофан Ильясович,2023-09-13,MB 917,9B
Орлов Никон Ааронович,2023-09-03,CE 880,9C
Петухов Радислав Дмитриевич,2024-01-03,MR 7434,18B
Артемьев Адам Димитриевич,2023-06-29,SB 4103,2A
Меркушев Леон Германович,2023-08-26,OQ 9700,15A
Сидоров Тимофей Гордеевич,2023-11-28,HR 6941,4D
Антонов Никандр Эдгардович,2023-04-17,ER 6916,15C
Филатов Тимур Игнатьевич,2023-06-02,IL 6276,10D
Марков Боян Ефимьевич,2024-02-24,ZQ 1317,11D
Блинов Ефим Васильевич,2023-11-24,MF 6267,17C
Хохлов Мирон Игнатович,2023-10-29,DK 3806,2B
Королев Лавр Архипович,2023-07-27,UF 382,13A
Казаков Глеб Аверьянович,2023-10-23,YQ 1853,15D
Харитонов Кондратий Фролович,2023-10-21,JO 9383,1B
Горшков Леон Гордеевич,2023-05-04,NQ 8953,10D
Ларионов Леонид Андреевич,2023-07-24,JV 1478,16C
Агафонов Аскольд Тарасович,2023-11-03,AQ 5021,17D
Симонов Еремей Владленович,2024-01-09,VO 7637,2B
Королев Станислав Бориславович,2023-07-25,DT 573,5D
Королев Артем Витальевич,2024-02-09,DT 3103,16A
Исаков Радован Вилорович,2023-11-14,KD 6845,13C
Киселев Корнил Еремеевич,2023-08-05,NC 2627,14B
Андреев Мариан Гертрудович,2023-05-23,KN 5014,18D
Аксенов Назар Гаврилович,2024-01-18,XS 2975,7C
Михайлов Мечислав Харлампович,2024-03-28,LE 601,15D
Рожков Мефодий Филатович,2023-05-23,PQ 9080,15D
Абрамов Ким Федотович,2023-12-10,MC 1405,5B
Коновалов Руслан Ааронович,2023-06-06,XE 7286,15D
Гордеев Евгений Арсеньевич,2024-03-16,DO 4087,5D
Михеев Дементий Афанасьевич,2023-09-13,XN 2618,12A
Буров Август Эдгардович,2023-11-09,ET 2631,8A
Новиков Гурий Викентьевич,2024-02-04,WG 1473,12A
Сазонов Ладимир Адрианович,2023-10-24,GZ 4671,18A
Филатов Христофор Эдуардович,2023-11-03,LG 5996,5A
Тарасов Емельян Анатольевич,2023-09-16,JB 1664,9C
Бобров Варфоломей Изотович,2023-05-08,YN 4391,20B
Гуляев Влас Евстигнеевич,2024-01-27,GC 4127,12D
Молчанов Викентий Гавриилович,2023-10-28,CQ 8842,19A
Лапин Ермолай Трофимович,2024-04-07,VE 1055,6C
Бобылев Милован Ярославович,2023-09-28,SR 9391,13C
Симонов Флорентин Трофимович,2023-11-21,YK 7505,1B
Владимиров Корнил Афанасьевич,2023-12-06,GQ 6714,17D
Колесников Прохор Давидович,2023-06-19,UU 8051,12A
Наумов Федот Викторович,2023-10-20,WD 8637,8D
Кулаков Геннадий Фёдорович,2023-11-03,YI 2770,5B
Мишин Любомир Афанасьевич,2024-01-27,ZP 7264,8D
Федоров Зиновий Харлампьевич,2023-07-23,AL 4194,20B
Голубев Роман Виленович,2023-10-04,CX 5831,16A
Федосеев Елисей Давидович,2023-07-05,HW 1715,10C
Копылов Валерий Бориславович,2023-12-31,XI 8603,11C
Селезнев Авдей Елизарович,2023-07-11,AT 4903,13B
Архипов Зосима Тарасович,2023-04-24,VC 7799,18B
Суханов Мокей Давидович,2023-09-16,FG 2652,4B
Казаков Владлен Трофимович,2023-08-19,UJ 5147,11C
Лебедев Валерьян Власович,2023-04-22,NU 5508,16B
Петров Марк Федосьевич,2023-08-14,FD 654,18C
Лобанов Василий Яковлевич,2023-11-19,WD 5563,1A
Большаков Олимпий Гаврилович,2023-06-19,OR 4407,20B
Макаров Глеб Ефстафьевич,2023-10-17,QD 3525,10C
Маслов Адриан Гурьевич,2023-10-24,WA 277,3B
Брагин Валерьян Арсенович,2024-02-20,NP 1472,4C
Тарасов Леон Феликсович,2023-12-25,EA 7222,19C
Воронов Бронислав Данилович,2023-07-22,LQ 6635,13D
Сорокин Ипатий Артёмович,2023-10-30,YN 1565,10B
Потапов Аникита Еремеевич,2024-03-24,TH 3785,13D
Богданов Агафон Иосифович,2023-05-23,QW 8209,13D
Петухов Мстислав Богданович,2023-05-25,SF 1953,5C
Зуев Любомир Федосьевич,2024-03-29,GM 4180,4B
Комаров Евдоким Гурьевич,2024-01-05,RG 5006,17D
Власов Федот Гертрудович,2023-06-22,OG 6630,8C
Морозов Арсений Елизарович,2023-09-13,JK 1459,15A
Орехов Ладислав Денисович,2023-09-08,AM 2200,19C
Иванов Илья Владиславович,2024-02-20,YX 2213,18B
Фролов Фока Денисович,2023-12-19,YG 2526,18B
Павлов Дмитрий Иосипович,2024-02-21,EP 8995,15D
Устинов Кузьма Феликсович,2024-03-31,JR 7615,7A
Анисимов Ладимир Бориславович,2024-02-05,NH 6623,15C
Рябов Аполлон Елисеевич,2023-12-19,FE 4853,1C
Беспалов Лавр Терентьевич,2024-02-09,YW 4031,10A
Лапин Ферапонт Иосипович,2024-03-13,TV 3605,8C
Григорьев Фотий Витальевич,2024-04-09,HD 8640,13B
Соколов Валерьян Владиленович,2023-07-08,LI 4320,7C
Пономарев Никита Глебович,2023-11-07,KF 6907,9A
Коновалов Юлиан Ефимович,2023-10-18,HF 9075,6A
Кошелев Фирс Терентьевич,2023-05-22,FE 2459,5B
Ильин Мир Изотович,2023-10-29,JX 766,11D
Молчанов Велимир Якубович,2023-10-28,FZ 6902,16C
Савельев Никандр Арсенович,2023-11-23,OK 5730,18A
Федоров Арефий Харламович,2024-04-11,WQ 1620,3C
Журавлев Велимир Антонович,2024-02-21,SU 782,5D
Кошелев Бронислав Августович,2024-02-29,TN 6820,16A
Лазарев Творимир Федотович,2023-11-14,EV 7472,5C
Молчанов Феофан Евстигнеевич,2024-01-30,LC 5117,11A
Лукин Осип Владленович,2024-03-25,QY 4738,2B
Федотов Никандр Теймуразович,2024-01-08,PS 8391,3C
Фомин Харитон Гурьевич,2023-08-22,TX 3912,14B
Фомичев Эрнест Аверьянович,2023-05-12,PS 9998,18C
Овчинников Автоном Трофимович,2023-10-14,BY 7131,6A
Горбунов Сильвестр Ефимьевич,2023-05-24,RK 7127,14B
Кулаков Ян Ефремович,2024-03-02,QX 7450,14A
Шарапов Сидор Исидорович,2023-04-25,HD 3917,13D
Щукин Твердислав Феликсович,2023-11-21,IZ 1847,3C
Мясников Харлампий Измаилович,2024-03-13,NX 6269,10D
Борисов Варлаам Федосеевич,2024-03-05,SM 8975,17B
Григорьев Еремей Ануфриевич,2024-02-20,RF 8685,3B
Копылов Никифор Феодосьевич,2024-03-14,XU 1007,6B
Колобов Ювеналий Измаилович,2023-10-09,ZK 8760,12D
Максимов Любомир Викентьевич,2024-01-16,BQ 2959,19D
Фомичев Любосмысл Феофанович,2024-01-27,BT 4220,16B
Осипов Трифон Устинович,2023-07-26,AU 4723,1D
Воронов Нестор Аверьянович,2023-08-18,UJ 5803,4A
Зуев Никанор Трифонович,2024-02-27,ZS 4679,1C
Селезнев Владислав Владиславович,2023-07-03,IH 1332,15D
Гущин Ермил Анатольевич,2023-09-20,BV 329,16B
Чернов Николай Аксёнович,2024-03-21,SU 7544,17A
Самойлов Самуил Тарасович,2024-03-04,TR 2803,13D
Зыков Аполлинарий Бориславович,2023-08-21,HS 1215,14D
Аксенов Ермолай Григорьевич,2024-03-23,UW 8848,9B
Дроздов Аким Иларионович,2023-09-11,FA 6717,18C
Миронов Гаврила Харлампьевич,2024-02-15,XX 6475,20A
Белов Анатолий Якубович,2023-05-28,XS 7036,4B
Жданов Федосий Богданович,2023-11-14,PC 8166,13D
Колобов Радован Фролович,2023-06-22,LI 3067,13A
Шашков Анатолий Андреевич,2023-11-25,YN 307,5A
Суханов Пров Архипович,2023-10-13,IE 2310,19D
Воробьев Эрнст Иосифович,2023-06-25,TE 5446,11D
Бирюков Клавдий Демидович,2023-04-15,XU 1105,20C
Соболев Емельян Ефремович,2023-08-16,CU 2660,14C
Борисов Аристарх Иларионович,2023-09-19,MS 121,19A
Никонов Родион Гурьевич,2024-03-01,VV 2406,11A
Константинов Феликс Бенедиктович,2023-04-21,MP 5117,12B
Соколов Пантелеймон Захарьевич,2023-05-13,JL 9786,15D
Корнилов Авдей Ефстафьевич,2023-06-18,BH 9298,19B
Игнатьев Герман Викентьевич,2023-11-13,CG 6640,1A
Емельянов Лукьян Зиновьевич,2023-10-05,TQ 735,4B
Новиков Прокофий Игнатьевич,2023-10-14,OT 9395,4D
Мишин Куприян Трофимович,2024-02-25,VA 6541,6A
Фокин Давыд Игнатович,2023-05-12,SK 7511,11B
Калинин Егор Исидорович,2023-04-19,TF 2574,10D
Михайлов Викентий Харитонович,2024-04-04,IM 7456,19D
Константинов Марк Якубович,2023-08-21,NA 6349,6C
Молчанов Милен Валерианович,2023-06-29,MJ 1803,14B
Чернов Мокей Феодосьевич,2023-06-01,KO 2776,8C
Дмитриев Серафим Филатович,2023-04-27,ED 2330,8C
Шубин Ипатий Викентьевич,2023-10-04,MK 4354,1C
Ситников Лучезар Демидович,2024-02-29,ID 3338,19C
Елисеев Бронислав Измаилович,2023-09-21,DL 3901,7B
Лебедев Фома Данилович,2023-10-04,IO 5879,13B
Максимов Лукьян Феоктистович,2024-01-18,DP 6587,11A
Миронов Викторин Валерианович,2023-04-24,VA 433,13B
Рябов Януарий Вилорович,2024-03-13,WK 6818,5B
Крылов Тимур Ануфриевич,2023-05-19,OB 4254,5B
Соловьев Фортунат Владиславович,2024-01-16,GS 4218,5A
Кабанов Игнатий Феофанович,2023-11-14,GN 7403,1D
Прохоров Боян Викторович,2023-06-12,BG 2670,19C
Третьяков Адриан Харлампович,2023-10-25,VJ 7807,12C
Цветков Галактион Яковлевич,2024-03-11,OU 1405,20C
Вишняков Глеб Тарасович,2023-05-28,ZI 7746,18B
Миронов Харитон Антонович,2024-02-15,PT 7630,19C
Исаков Ермил Дмитриевич,2023-09-13,PD 3291,16B
Буров Владимир Антипович,2023-08-03,JZ 6136,3B
Макаров Митофан Филиппович,2023-12-25,IQ 9714,19B
Аксенов Онуфрий Игнатович,2024-01-16,HX 1173,5C
Абрамов Иларион Антипович,2024-01-25,WE 6635,11B
Емельянов Радован Владленович,2023-09-18,HA 4732,14B
Голубев Авксентий Тарасович,2024-03-03,MP 1749,15C
Шашков Натан Филатович,2024-01-27,JE 9247,7C
Якушев Рюрик Алексеевич,2024-01-31,GB 4202,6A
Коновалов Милован Валерьевич,2023-11-13,AW 2940,4D
Беспалов Семен Елизарович,2023-08-20,BO 2924,6D
Быков Трифон Устинович,2023-06-20,BR 9002,17A
Жуков Терентий Валерьянович,2023-07-03,YD 1516,18B
Русаков Парфен Владиславович,2023-07-15,LD 718,9A
Ефимов Ефрем Давыдович,2023-10-21,RD 8127,11D
Веселов Игорь Владиленович,2023-06-20,KT 4459,4C
Зайцев Ярослав Денисович,2024-02-02,SD 5333,2C
Ефремов Захар Аксёнович,2023-10-01,WA 2857,9A
Лыткин Юлий Глебович,2023-04-15,WZ 7447,14C
Кулаков Осип Анатольевич,2023-11-14,IE 1259,20C
Рябов Назар Димитриевич,2023-11-08,NF 5363,1D
Кириллов Кондратий Демьянович,2023-10-12,VV 7906,8B
Власов Савелий Артурович,2023-08-29,ZI 7935,4A
Николаев Григорий Викентьевич,2024-02-23,NH 3269,3A
Шестаков Герасим Всеволодович,2023-04-15,HX 9857,17A
Никитин Устин Ермолаевич,2023-07-31,VX 8368,5D
Рыбаков Устин Давидович,2023-09-13,EG 2899,10C
Лыткин Архип Фомич,2023-11-14,LM 1331,20D
Родионов Вячеслав Арсенович,2024-03-18,MO 8300,8A
Михеев Радислав Ануфриевич,2023-08-15,WG 7773,5B
Сысоев Рубен Авдеевич,2024-02-13,KW 9435,8C
Бобров Тихон Борисович,2023-11-24,XQ 9718,7C
Петухов Святослав Аверьянович,2023-07-20,NJ 242,3D
Афанасьев Любосмысл Теймуразович,2023-09-16,BQ 3251,14D
Медведев Антонин Бориславович,2023-12-06,OF 3557,5D
Данилов Остромир Феодосьевич,2023-04-21,RV 9352,13B
Назаров Аверьян Ефстафьевич,2023-09-24,ME 713,11C
Павлов Антип Виленович,2023-07-27,OO 4623,14B
Шарапов Федот Аксёнович,2024-03-15,CL 3828,6C
Третьяков Модест Харламович,2023-06-23,LC 6925,17A
Панов Эрнест Чеславович,2024-02-14,SA 8786,11B
Дроздов Фадей Фролович,2023-08-14,DV 7975,11C
Васильев Зиновий Викторович,2024-01-25,WV 8012,4D
Евсеев Рюрик Еремеевич,2024-02-12,FB 9250,3B
Агафонов Аникей Филатович,2024-01-26,OI 3691,2D
Архипов Илья Авдеевич,2023-08-15,TX 4512,5D
Кондратьев Аскольд Гурьевич,2023-11-16,AY 2198,18D
Корнилов Тихон Григорьевич,2023-09-20,YN 8230,2D
Козлов Руслан Глебович,2023-05-29,GS 5706,16A
Сорокин Иван Архипович,2023-12-22,IF 1235,5D
Рябов Ермил Ильясович,2023-10-03,PJ 730,20B
Воробьев Борис Юлианович,2023-07-14,XV 2226,13C
Воронцов Ульян Жоресович,2023-10-07,OX 7955,1D
Карпов Стоян Юлианович,2023-11-23,JN 1051,18A
Крюков Любосмысл Васильевич,2023-11-07,IN 4697,17A
Виноградов Лучезар Феофанович,2024-02-02,SC 8259,5D
Блохин Арефий Ануфриевич,2023-05-26,MB 3035,10D
Аксенов Ратибор Аверьянович,2023-07-15,CQ 5033,14B
Елисеев Ульян Терентьевич,2023-06-07,TU 8189,16C
Исаев Гаврила Даниилович,2023-07-24,KG 1475,6C
Филиппов Всеслав Афанасьевич,2024-04-01,YR 2736,6A
Якушев Арсений Иосипович,2023-07-08,UI 3856,8C
Титов Сергей Александрович,2023-11-20,WV 3763,8B
Кабанов Мартьян Гордеевич,2024-03-21,GI 6993,15D
Носов Осип Андреевич,2023-09-12,RQ 1795,4B
Горбунов Евстигней Абрамович,2024-01-25,VI 166,3A
Чернов Максим Валерианович,2023-05-24,OZ 547,20C
Медведев Нестор Аверьянович,2023-10-09,TB 2479,15A
Владимиров Карп Аверьянович,2023-05-11,TM 6336,8C
Новиков Игнатий Тимурович,2023-10-04,LH 7780,7A
Михайлов Дмитрий Юлианович,2023-08-27,HU 9716,13B
Морозов Николай Антонович,2023-04-30,FE 1278,5C
Петухов Ермолай Терентьевич,2024-03-15,LA 1974,10D
Авдеев Нестор Феофанович,2023-11-13,MG 1050,4B
Тихонов Захар Тимурович,2023-10-01,LG 1844,1D
Ильин Тимур Гавриилович,2023-12-17,FN 9839,9C
Юдин Максим Вилорович,2024-04-07,OZ 6384,18A
Никитин Ефрем Харитонович,2024-04-07,XN 6414,16A
Ильин Владлен Брониславович,2023-12-02,UQ 7511,12D
Бобылев Модест Федотович,2023-11-07,QE 4257,14C
Белов Фирс Игоревич,2023-06-04,BK 3337,12A
Михайлов Павел Владиленович,2023-10-28,RT 8343,2D
Якушев Мирон Анисимович,2023-11-05,BP 7249,2C
Сафонов Модест Фадеевич,2023-12-18,JK 8197,4D
Давыдов Всеслав Эдуардович,2023-08-21,FK 6877,4A
Доронин Венедикт Ермолаевич,2024-02-04,GK 7458,3D
Хохлов Прохор Ефимьевич,2024-02-14,BY 1131,9D
Чернов Мирон Августович,2024-02-25,MC 1524,5A
Быков Петр Брониславович,2023-05-16,WY 7582,4B
Муравьев Афиноген Ефремович,2023-12-14,RZ 3544,3D
Карпов Юлий Теймуразович,2023-10-27,JX 2681,6A
Ширяев Федор Эдуардович,2024-03-30,ZD 9581,9A
Лукин Павел Юльевич,2024-02-09,DH 9619,7D
Федосеев Борис Валерианович,2024-01-07,ZF 5348,19A
Красильников Милий Адамович,2024-02-10,AB 4091,14C
Овчинников Еремей Жоресович,2024-02-15,KH 3002,1C
Зыков Арефий Эдгардович,2023-08-21,QJ 7762,2C
Меркушев Аверкий Владиславович,2023-05-29,XH 9197,12C
Зимин Вацлав Александрович,2024-03-09,FV 6349,17C
Кулагин Бронислав Афанасьевич,2023-05-16,SA 8391,7C
Фадеев Савва Георгиевич,2023-07-18,LF 858,3C
Павлов Лавр Валентинович,2023-12-27,ZM 3909,5B
Игнатьев Исай Ефимьевич,2024-03-27,GT 6395,6A
Устинов Михаил Брониславович,2024-02-05,ZL 4228,12A
Громов Тит Анатольевич,2023-09-17,CK 3519,10B
Копылов Фирс Юльевич,2023-06-01,RY 7072,10C
Молчанов Валерий Трифонович,2024-01-19,EL 7750,4C
Кошелев Ферапонт Игнатович,2024-03-06,QQ 4841,4A
Алексеев Мариан Артёмович,2023-12-09,VF 3548,3D
Горбачев Изот Феоктистович,2023-06-03,UY 454,7C
Савин Панкратий Жоресович,2024-02-13,UP 8270,7D
Сафонов Аверкий Жоресович,2023-11-12,UL 3708,19C
Кудряшов Арефий Денисович,2023-06-29,PW 2336,4A
Гаврилов Любим Глебович,2024-01-29,JC 5936,9A
Колесников Мариан Ефимьевич,2024-03-01,JK 1263,8C
Гаврилов Силантий Борисович,2023-09-26,YA 4961,7A
Силин Эммануил Аверьянович,2023-10-19,YK 5605,20D
Шашков Юрий Викторович,2023-10-21,BV 1486,18B
Князев Лучезар Евсеевич,2023-11-18,AD 9423,17D
Ермаков Вадим Абрамович,2023-11-09,KB 8357,5B
Миронов Дорофей Егорович,2023-04-28,AN 458,18B
Елисеев Зиновий Арсеньевич,2023-08-07,KS 8118,8A
Вишняков Ерофей Ерофеевич,2024-03-28,WZ 9502,18B
Аксенов Корнил Анисимович,2023-09-18,LA 7767,19C
Юдин Евгений Терентьевич,2023-11-16,HO 2970,9D
Дмитриев Федосий Давыдович,2024-01-26,KZ 4923,9B
Макаров Евграф Фокич,2024-02-01,LE 8861,20B
Аксенов Вячеслав Андреевич,2023-10-16,XT 2915,6C
Смирнов Ермолай Иларионович,2023-07-17,VP 2060,19B
Иванов Самуил Всеволодович,2024-02-07,RY 3578,8A
Петров Викторин Зиновьевич,2023-04-24,PC 9000,5C
Фадеев Мина Фадеевич,2023-06-19,EU 126,11C
Нестеров Капитон Ааронович,2024-04-08,TN 2890,17C
Морозов Валерьян Дорофеевич,2023-05-13,RH 8384,13B
Наумов Павел Аверьянович,2023-09-05,KS 3446,7D
Белов Владлен Феликсович,2023-12-25,KM 2084,15D
Максимов Ратибор Исидорович,2023-06-16,UF 3111,2C
Ширяев Боян Даниилович,2023-05-11,OO 6700,17C
Кононов Изот Демидович,2024-01-23,DM 9624,2C
Котов Евлампий Давыдович,2023-05-24,SQ 4905,6B
Ларионов Лукьян Ануфриевич,2024-04-12,IJ 6130,12D
Мясников Евсей Евсеевич,2023-06-26,EF 9774,13D
Пахомов Милован Фомич,2024-01-09,LG 4058,7D
Ефремов Модест Викторович,2024-02-24,IM 2815,19A
Гурьев Демид Трифонович,2024-03-28,NR 3026,2D
Исаков Мечислав Жанович,2023-05-31,MT 6922,2C
Крылов Серафим Ефимьевич,2023-06-28,MH 9745,14D
Орлов Кир Герасимович,2023-08-17,RV 6194,5D
Кулагин Твердислав Фёдорович,2023-09-12,XI 1724,12A
Шестаков Семен Бенедиктович,2024-03-02,VE 2166,9D
Лаврентьев Всеволод Алексеевич,2024-03-09,YJ 7042,20C
Сафонов Добромысл Антипович,2024-01-24,KT 358,16D
Колобов Эдуард Валерианович,2024-04-09,GW 7901,18C
Шестаков Борислав Ануфриевич,2023-07-14,MW 9561,16B
Авдеев Василий Якубович,2023-10-16,ZO 7724,11D
Гурьев Лука Фокич,2023-10-27,OI 7202,19B
Петухов Арсений Ярославович,2023-07-07,KV 5602,13A
Щукин Твердислав Валерианович,2023-05-16,CK 4209,14A
Сидоров Симон Абрамович,2023-10-20,AY 909,2C
Королев Константин Глебович,2024-03-27,EV 9535,16D
Голубев Тимур Яковлевич,2023-08-04,SI 9696,10C
Емельянов Аггей Жанович,2023-07-25,SI 176,19B
Громов Радислав Дмитриевич,2023-09-30,VT 789,3D
Тетерин Ратибор Антипович,2024-01-24,PA 1947,9C
Егоров Елизар Терентьевич,2024-02-09,UD 211,9D
Дорофеев Милан Витальевич,2023-10-12,ZQ 7065,6B
Горбунов Прокофий Данилович,2024-03-26,TB 889,11A
Иванов Вышеслав Устинович,2024-03-21,YS 9193,20C
Котов Платон Эдгарович,2023-04-18,AL 9552,12B
Поляков Селиван Викторович,2024-02-05,AI 4691,12A
Самсонов Софрон Юльевич,2023-05-24,AC 4882,20A
Константинов Гостомысл Харлампьевич,2024-02-26,YS 511,8B
Потапов Твердислав Ермолаевич,2023-11-29,LN 1645,7B
Лебедев Федосий Игнатьевич,2023-08-27,PJ 268,14C
Трофимов Твердислав Авдеевич,2024-02-22,AQ 3733,5C
Гордеев Мина Евсеевич,2024-03-14,VW 5862,1D
Панфилов Михей Ефимьевич,2023-10-20,TA 5380,7A
Федотов Эраст Германович,2023-04-19,NV 8316,16C
Дмитриев Чеслав Валентинович,2023-11-17,CQ 7345,20C
Дмитриев Панфил Гаврилович,2023-11-23,WH 1077,10C
Владимиров Рубен Измаилович,2023-08-20,RT 1078,2D
Стрелков Будимир Теймуразович,2023-09-22,AK 3236,7B
Меркушев Александр Егорович,2024-03-26,XX 7236,9C
Титов Кондратий Ефстафьевич,2023-10-07,OB 6662,3A
Щербаков Елисей Тарасович,2023-07-12,TH 9658,9D
Андреев Ярополк Даниилович,2024-04-07,OH 4727,9C
Сафонов Ираклий Данилович,2024-03-17,WI 6392,9D
Фадеев Изот Авдеевич,2023-05-22,YY 6425,13A
Агафонов Борис Ермолаевич,2023-07-17,QP 9630,5D
Королев Савелий Евстигнеевич,2023-06-07,IE 8076,18D
Русаков Никанор Филатович,2023-10-26,VN 991,14B
Назаров Нестор Игнатович,2023-10-01,ZY 9316,2D
Волков Савва Антонович,2023-08-10,HA 604,7B
Чернов Евграф Адрианович,2023-08-20,DH 1220,5B
Буров Арефий Витальевич,2023-12-15,UP 4756,6A
Мельников Тит Захарьевич,2023-08-22,FR 3099,8D
Давыдов Милован Валерьянович,2023-07-19,TR 4657,15C
Уваров Аверкий Елисеевич,2023-09-06,UL 4040,1C
Горбунов Милан Владиленович,2023-11-02,MN 6651,2D
Фадеев Платон Харитонович,2024-03-02,SU 1088,13A
Сорокин Пантелеймон Денисович,2023-12-01,GD 7750,2D
Коновалов Константин Богданович,2024-04-10,RD 2857,20D
Зимин Якуб Георгиевич,2023-08-21,BC 2075,5C
Кудряшов Фортунат Ерофеевич,2024-02-29,KX 114,11C
Соболев Демид Васильевич,2024-03-20,ID 8055,18C
Меркушев Творимир Феофанович,2024-01-07,WS 8113,6C
Щербаков Гаврила Игнатьевич,2023-09-21,XO 4498,5A
Орехов Сила Харлампьевич,2023-09-29,JY 8524,6D
Савин Парфен Трофимович,2023-12-07,JK 9520,15A
Логинов Моисей Глебович,2023-12-19,UI 9074,12B
Уваров Феликс Денисович,2023-08-08,QX 7748,3C
Гуляев Феофан Викентьевич,2023-09-18,HX 9781,20C
Архипов Архип Вячеславович,2023-06-14,OV 9345,1D
Суханов Спиридон Устинович,2023-09-11,YE 9335,17A
Власов Владилен Измаилович,2023-05-20,HO 8875,16A
Егоров Христофор Харитонович,2023-12-27,GJ 3572,1C
Миронов Дементий Ярославович,2023-09-18,FZ 2000,12A
Мишин Тимофей Ильясович,2023-09-16,OI 6011,18A
Хохлов Арсений Аксёнович,2023-06-03,KE 882,7B
Савин Адам Трифонович,2024-01-23,YP 4715,6B
Семенов Михей Ефремович,2024-03-25,YL 7139,1B
Пестов Мир Артурович,2024-01-15,VS 841,14C
Савельев Трифон Измаилович,2023-12-18,AB 1322,9B
Фролов Соломон Арсенович,2023-11-25,CQ 3690,13C
